repo,month,PullRequestEvent,IssueCommentEvent,PullRequestReviewEvent,IssuesEvent,PushEvent,PullRequestReviewCommentEvent,CreateEvent,total
hiero-ledger/hiero-mirror-node,2025-09,2,2,0,0,0,0,0,4
hiero-ledger/hiero-mirror-node,2025-10,2,3,1,1,0,1,0,8
hiero-ledger/hiero-mirror-node,2025-11,0,2,1,1,0,0,0,4
hiero-ledger/hiero-mirror-node,2025-12,2,1,1,1,0,0,0,5
hiero-ledger/hiero-mirror-node,2026-01,4,1,2,2,0,0,0,9
hiero-ledger/hiero-mirror-node,2026-02,0,0,1,0,0,0,0,1
hiero-ledger/hiero-mirror-node,2026-03,0,0,1,0,0,1,0,2
hiero-ledger/hiero-mirror-node,2026-04,1,0,0,0,2,1,2,6
hiero-ledger/hiero-mirror-node,2026-05,0,0,0,0,4,0,0,4
hyperledger/besu-native,2025-10,0,0,0,1,0,0,0,1
