repo,month,PullRequestEvent,ForkEvent,PullRequestReviewEvent,WatchEvent,PushEvent,DeleteEvent,PullRequestReviewCommentEvent,IssueCommentEvent,IssuesEvent,total
hyperledger-labs/hlf-connector,2022-03,2,1,3,0,1,0,0,0,1,8
hyperledger-labs/hlf-connector,2022-05,1,0,1,0,0,0,1,0,0,3
hyperledger-labs/hlf-connector,2022-07,5,0,0,0,0,0,0,0,0,5
hyperledger-labs/hlf-connector,2022-08,1,0,0,0,0,0,0,0,0,1
hyperledger-labs/hlf-connector,2022-09,9,0,5,0,7,3,0,1,0,25
hyperledger-labs/hlf-connector,2023-05,0,0,2,0,0,0,0,1,0,3
hyperledger/bevel,2021-12,2,0,0,0,1,0,0,0,0,3
hyperledger/bevel,2022-12,0,0,2,0,0,0,2,0,0,4
hyperledger-labs/blockchain-automation-framework,2020-10,0,0,0,1,0,0,0,0,0,1
hyperledger-labs/blockchain-automation-framework,2020-11,0,1,0,0,0,0,0,0,0,1
hyperledger-labs/blockchain-automation-framework,2021-05,0,1,0,0,0,0,0,0,0,1
hyperledger/blockchain-explorer,2021-09,0,1,0,1,0,0,0,0,0,2
hyperledger/fabric-chaincode-java,2021-06,0,1,0,1,0,0,0,0,0,2
hyperledger/fabric-gateway-java,2022-02,0,1,0,1,0,0,0,0,0,2
hyperledger/fabric-sdk-java,2021-11,0,1,0,0,0,0,0,0,0,1
hyperledger/fabric-sdk-java,2022-01,0,0,0,1,0,0,0,0,0,1
Hyperledger-TWGC/Hyperledger-TWGC,2021-09,0,0,0,1,0,0,0,0,0,1
hyperledger-labs/fabric-operations-console,2021-06,0,0,0,1,0,0,0,0,0,1
hyperledger/besu,2023-05,0,0,0,1,0,0,0,0,0,1
hyperledger/cacti,2023-05,0,1,0,0,0,0,0,0,0,1
hyperledger/education,2019-05,0,1,0,0,0,0,0,0,0,1
hyperledger/fabric,2020-03,0,1,0,0,0,0,0,0,0,1
hyperledger/fabric-admin-sdk,2024-05,0,1,0,0,0,0,0,0,0,1
hyperledger/fabric-ca,2022-05,0,1,0,0,0,0,0,0,0,1
hyperledger/fabric-config,2022-02,0,0,0,1,0,0,0,0,0,1
hyperledger/fabric-contract-api-go,2020-12,0,0,0,1,0,0,0,0,0,1
hyperledger/fabric-protos,2022-02,0,0,0,1,0,0,0,0,0,1
hyperledger/fabric-samples,2021-06,0,0,0,1,0,0,0,0,0,1
hyperledger/fabric-sdk-go,2019-04,0,1,0,0,0,0,0,0,0,1
hyperledger/sawtooth-core,2019-04,0,1,0,0,0,0,0,0,0,1
hyperledger/sawtooth-sabre,2019-05,0,1,0,0,0,0,0,0,0,1
hyperledger/sawtooth-sdk-go,2019-04,0,1,0,0,0,0,0,0,0,1
hyperledger/sawtooth-sdk-javascript,2019-04,0,1,0,0,0,0,0,0,0,1
hyperledger/sawtooth-sdk-rust,2019-09,0,1,0,0,0,0,0,0,0,1
