repo,month,PushEvent,PullRequestReviewEvent,PullRequestEvent,PullRequestReviewCommentEvent,CreateEvent,DeleteEvent,IssueCommentEvent,IssuesEvent,CommitCommentEvent,ReleaseEvent,ForkEvent,total
hyperledger-labs/zeto,2024-07,35,17,11,15,7,6,2,6,0,0,0,99
hyperledger-labs/zeto,2024-08,97,23,24,22,14,11,18,10,0,1,1,221
hyperledger-labs/zeto,2024-09,37,23,32,14,20,22,5,7,0,0,0,160
hyperledger-labs/zeto,2024-10,19,8,8,3,6,7,1,4,4,0,0,60
hyperledger-labs/zeto,2024-11,7,5,5,4,3,3,0,0,0,0,0,27
hyperledger-labs/zeto,2024-12,13,5,6,0,5,2,4,2,0,0,0,37
hyperledger-labs/zeto,2025-01,28,3,4,2,3,3,6,3,0,0,0,52
hyperledger-labs/zeto,2025-02,0,0,0,0,0,0,0,1,0,0,0,1
hyperledger-labs/zeto,2025-03,4,1,3,0,0,2,1,0,0,0,0,11
hyperledger-labs/zeto,2025-04,7,3,2,0,1,0,1,1,0,0,0,15
hyperledger-labs/zeto,2025-05,29,12,8,18,6,3,5,3,0,0,0,84
hyperledger-labs/zeto,2025-06,14,5,7,3,7,4,2,1,0,0,0,43
hyperledger-labs/zeto,2025-07,21,16,4,17,4,1,0,1,0,0,0,64
hyperledger-labs/zeto,2025-08,5,0,0,0,0,1,1,0,0,0,0,7
hyperledger-labs/zeto,2025-09,9,0,1,0,3,1,0,0,0,1,0,15
hyperledger-labs/zeto,2025-10,1,0,0,0,0,0,0,0,0,0,0,1
LF-Decentralized-Trust-labs/paladin,2024-11,14,6,12,2,5,4,1,2,0,0,0,46
LF-Decentralized-Trust-labs/paladin,2024-12,27,9,3,7,1,1,14,8,0,0,0,70
LF-Decentralized-Trust-labs/paladin,2025-01,12,4,4,0,2,1,2,3,0,0,0,28
LF-Decentralized-Trust-labs/paladin,2025-02,24,10,0,5,0,0,0,0,0,0,0,39
LF-Decentralized-Trust-labs/paladin,2025-03,13,6,0,6,0,1,0,2,0,0,0,28
LF-Decentralized-Trust-labs/paladin,2025-04,6,3,3,1,2,1,0,0,0,0,0,16
LF-Decentralized-Trust-labs/paladin,2025-05,6,4,1,1,0,0,0,0,0,0,0,12
LF-Decentralized-Trust-labs/paladin,2025-06,9,8,3,6,2,1,0,1,0,0,0,30
LF-Decentralized-Trust-labs/paladin,2025-07,1,1,2,0,1,1,0,0,0,0,0,6
LF-Decentralized-Trust-labs/paladin,2025-08,0,2,0,0,0,0,2,0,0,0,0,4
LF-Decentralized-Trust-labs/paladin,2025-09,2,1,1,1,0,1,1,0,0,0,0,7
LFDT-Paladin/zeto,2025-10,1,0,0,0,0,0,2,0,0,0,0,3
LFDT-Paladin/zeto,2025-11,5,3,1,0,1,0,0,1,0,0,0,11
LFDT-Paladin/zeto,2025-12,3,1,1,0,1,1,0,0,0,0,0,7
LFDT-Paladin/zeto,2026-01,7,1,1,0,2,3,0,0,0,0,0,14
LFDT-Paladin/zeto,2026-04,15,0,1,0,1,1,0,0,0,0,0,18
LFDT-Paladin/zeto,2026-05,5,0,0,0,0,0,0,0,0,0,0,5
hyperledger/toc,2024-01,0,2,0,0,0,0,0,0,0,0,0,2
hyperledger/toc,2024-02,0,1,0,0,0,0,1,0,0,0,0,2
hyperledger/toc,2024-04,0,5,0,3,0,0,0,0,0,0,0,8
hyperledger/toc,2024-05,0,6,0,0,0,0,0,0,0,0,0,6
hyperledger/toc,2024-06,0,3,0,0,0,0,0,0,0,0,0,3
hyperledger/toc,2024-07,0,2,0,0,0,0,0,0,0,0,0,2
hyperledger/toc,2024-08,2,9,0,3,0,0,0,0,0,0,0,14
hyperledger/toc,2024-09,0,3,0,0,0,0,0,0,0,0,0,3
hyperledger/toc,2024-10,0,1,0,0,0,0,0,0,0,0,0,1
LFDT-Paladin/paladin,2025-11,0,1,0,1,0,0,0,0,0,0,0,2
LFDT-Paladin/paladin,2025-12,8,0,0,0,1,0,0,0,0,0,0,9
LFDT-Paladin/paladin,2026-01,13,1,0,0,0,0,0,0,0,0,0,14
LFDT-Paladin/paladin,2026-02,0,0,0,0,1,0,0,0,0,0,0,1
LFDT-Paladin/paladin,2026-05,5,0,0,0,1,0,0,0,0,0,0,6
hyperledger/firefly-fabconnect,2024-01,1,1,3,0,2,1,0,0,0,2,0,10
hyperledger/firefly-fabconnect,2024-03,0,2,0,2,0,0,0,0,0,0,0,4
hyperledger/firefly-fabconnect,2024-05,0,3,0,1,0,0,0,0,0,0,0,4
LF-Decentralized-Trust/governance,2024-10,0,7,0,4,0,0,0,0,0,0,0,11
LF-Decentralized-Trust/governance,2024-11,0,4,0,0,0,0,0,0,0,0,0,4
hyperledger/firefly-signer,2024-08,0,2,2,1,0,0,3,0,0,0,0,8
hyperledger/hyperledger-hip,2024-01,0,1,0,1,0,0,1,0,0,0,0,3
hyperledger/hyperledger-hip,2024-06,0,1,0,0,0,0,0,0,0,0,0,1
hyperledger/hyperledger-hip,2024-08,0,1,0,2,0,0,0,0,0,0,0,3
LFDT-Paladin/smt,2026-01,3,0,0,0,0,1,0,0,0,0,0,4
hyperledger-labs/governance,2024-07,0,0,0,0,0,0,1,1,0,0,0,2
hyperledger-labs/governance,2024-08,0,0,1,0,0,0,0,0,0,0,1,2
hyperledger-labs/hyperledger-labs.github.io,2024-07,0,1,0,0,0,0,1,0,0,0,0,2
hyperledger-labs/hyperledger-labs.github.io,2024-10,0,0,1,0,0,0,1,0,0,0,0,2
hyperledger/firefly-cli,2024-08,0,2,1,0,0,0,0,0,0,0,0,3
LFDT-Paladin/governance,2026-01,0,0,1,0,0,0,0,0,0,0,1,2
LF-Decentralized-Trust-labs/governance,2024-11,0,0,1,0,0,0,0,0,0,0,0,1
