repo,month,PullRequestReviewEvent,PullRequestReviewCommentEvent,PullRequestEvent,IssueCommentEvent,PushEvent,DeleteEvent,IssuesEvent,ForkEvent,GollumEvent,CreateEvent,ReleaseEvent,total
openwallet-foundation/credo-ts,2024-01,6,20,0,0,0,0,0,0,0,0,0,26
openwallet-foundation/credo-ts,2024-02,15,11,14,8,13,5,1,0,1,0,0,68
openwallet-foundation/credo-ts,2024-03,13,26,4,1,1,0,0,0,6,0,0,51
openwallet-foundation/credo-ts,2024-04,13,2,0,1,0,0,1,0,0,0,0,17
openwallet-foundation/credo-ts,2024-05,4,1,0,2,0,0,0,0,0,0,0,7
openwallet-foundation/credo-ts,2024-06,44,31,2,3,2,0,0,0,0,0,0,82
openwallet-foundation/credo-ts,2024-07,8,4,10,2,6,0,0,0,0,0,0,30
openwallet-foundation/credo-ts,2024-08,4,1,0,1,0,0,0,0,0,0,0,6
openwallet-foundation/credo-ts,2024-09,1,0,1,0,0,0,1,0,0,0,0,3
openwallet-foundation/credo-ts,2024-10,3,0,0,0,0,0,0,0,0,0,0,3
openwallet-foundation/credo-ts,2024-11,7,10,4,0,0,0,0,0,0,0,0,21
openwallet-foundation/credo-ts,2024-12,1,0,0,1,0,0,0,0,0,0,0,2
openwallet-foundation/credo-ts,2025-01,4,0,0,1,0,0,0,0,0,0,0,5
openwallet-foundation/credo-ts,2025-02,4,2,8,1,3,0,0,0,0,0,0,18
openwallet-foundation/credo-ts,2025-03,11,2,4,0,0,0,0,0,0,0,0,17
openwallet-foundation/credo-ts,2025-04,6,0,1,3,0,0,1,0,0,0,0,11
openwallet-foundation/credo-ts,2025-05,18,14,4,2,1,0,0,0,0,0,0,39
openwallet-foundation/credo-ts,2025-06,1,0,2,4,3,0,0,0,0,0,0,10
openwallet-foundation/credo-ts,2025-07,4,2,0,0,0,0,0,0,0,0,0,6
openwallet-foundation/credo-ts,2025-08,8,5,1,0,1,0,0,0,0,0,0,15
openwallet-foundation/credo-ts,2025-09,1,0,0,0,0,0,0,0,0,0,0,1
openwallet-foundation/credo-ts,2025-10,2,0,0,0,0,0,0,0,0,0,0,2
openwallet-foundation/credo-ts,2025-11,2,0,0,0,0,0,0,0,0,0,0,2
openwallet-foundation/credo-ts,2026-01,3,1,0,0,0,0,0,0,0,0,0,4
openwallet-foundation/credo-ts,2026-02,0,0,0,0,2,0,0,0,0,0,0,2
openwallet-foundation/credo-ts,2026-03,0,0,0,0,3,0,0,0,0,0,0,3
openwallet-foundation/credo-ts,2026-04,0,0,0,0,2,1,0,0,0,0,0,3
openwallet-foundation-labs/sd-jwt-js,2024-02,22,6,1,17,0,0,3,1,0,0,0,50
openwallet-foundation-labs/sd-jwt-js,2024-03,6,1,0,4,0,0,0,0,0,0,0,11
openwallet-foundation-labs/sd-jwt-js,2024-05,5,6,0,1,0,0,0,0,0,0,0,12
openwallet-foundation-labs/sd-jwt-js,2024-07,1,0,0,0,0,0,0,0,0,0,0,1
hyperledger/aries-askar,2024-02,0,0,0,4,0,0,0,0,0,0,0,4
hyperledger/aries-askar,2024-04,1,0,0,1,0,0,1,0,0,0,0,3
hyperledger/aries-askar,2024-05,7,5,7,9,3,0,2,0,0,0,0,33
hyperledger/aries-askar,2024-06,2,0,0,2,0,0,0,0,0,0,0,4
hyperledger/aries-askar,2024-07,1,0,12,1,6,0,0,0,0,1,1,22
hyperledger/aries-askar,2024-10,0,0,0,1,0,0,0,0,0,0,0,1
openwallet-foundation/askar-wrapper-javascript,2024-12,0,0,0,0,3,0,0,0,0,1,0,4
openwallet-foundation/askar-wrapper-javascript,2025-01,2,1,16,7,6,0,1,1,0,0,0,34
openwallet-foundation/askar-wrapper-javascript,2025-02,2,0,1,0,1,1,1,0,0,0,0,6
openwallet-foundation/askar-wrapper-javascript,2025-03,2,0,2,1,1,1,0,0,0,0,0,7
openwallet-foundation/askar-wrapper-javascript,2025-09,2,0,0,1,0,0,0,0,0,0,0,3
openwallet-foundation/askar-wrapper-javascript,2025-10,0,0,0,0,1,1,0,0,0,0,0,2
openwallet-foundation/askar-wrapper-javascript,2025-12,1,1,0,0,0,0,0,0,0,0,0,2
openwallet-foundation/askar-wrapper-javascript,2026-01,1,0,0,0,0,0,0,0,0,0,0,1
openwallet-foundation/askar-wrapper-javascript,2026-02,1,1,3,0,2,1,0,0,0,0,0,8
openwallet-foundation/credo-ts-docs,2024-01,2,1,0,0,0,0,0,0,0,0,0,3
openwallet-foundation/credo-ts-docs,2024-02,5,1,6,1,8,2,0,0,0,0,0,23
openwallet-foundation/credo-ts-docs,2024-03,1,0,1,0,1,1,0,0,0,0,0,4
openwallet-foundation/credo-ts-docs,2024-04,2,0,2,0,3,2,0,0,0,0,0,9
openwallet-foundation/credo-ts-docs,2024-06,6,8,0,0,0,0,0,0,0,0,0,14
hyperledger/indy-vdr,2024-01,2,0,1,0,1,0,0,0,0,0,0,4
hyperledger/indy-vdr,2024-02,4,8,0,0,0,0,0,0,0,0,0,12
hyperledger/indy-vdr,2024-03,1,1,0,0,0,0,0,0,0,0,0,2
hyperledger/indy-vdr,2024-05,3,2,0,1,0,0,0,0,0,0,0,6
hyperledger/indy-vdr,2024-06,3,1,0,1,1,0,0,0,0,0,0,6
hyperledger/indy-vdr,2025-01,0,0,0,2,0,0,1,0,0,0,0,3
hyperledger/indy-vdr,2025-10,0,0,0,0,0,0,1,0,0,0,0,1
openwallet-foundation-labs/oid4vc-ts,2025-01,2,0,0,1,0,1,0,0,0,0,0,4
openwallet-foundation-labs/oid4vc-ts,2025-03,4,2,0,0,0,0,0,0,0,0,0,6
openwallet-foundation-labs/oid4vc-ts,2025-04,1,0,0,0,0,0,0,0,0,0,0,1
openwallet-foundation-labs/oid4vc-ts,2025-05,0,0,1,0,1,0,0,1,0,0,0,3
openwallet-foundation-labs/oid4vc-ts,2025-06,0,0,2,0,1,0,0,0,0,0,0,3
openwallet-foundation-labs/oid4vc-ts,2025-10,2,0,0,0,0,0,0,0,0,0,0,2
openwallet-foundation-labs/oid4vc-ts,2025-11,2,1,0,0,0,0,0,0,0,0,0,3
openwallet-foundation-labs/oid4vc-ts,2025-12,1,0,0,0,0,0,0,0,0,0,0,1
openwallet-foundation-labs/oid4vc-ts,2026-01,1,0,0,0,0,0,0,0,0,0,0,1
openwallet-foundation-labs/oid4vc-ts,2026-02,2,4,0,0,0,0,0,0,0,0,0,6
hyperledger/anoncreds-rs,2024-01,2,0,1,0,1,1,0,0,0,0,0,5
hyperledger/anoncreds-rs,2024-02,3,1,1,1,0,0,0,0,0,0,0,6
hyperledger/anoncreds-rs,2024-04,2,0,0,1,0,0,1,0,0,0,0,4
hyperledger/anoncreds-rs,2024-05,0,0,0,2,0,0,0,0,0,0,0,2
hyperledger/anoncreds-rs,2024-06,1,0,0,1,0,0,0,0,0,0,0,2
hyperledger/anoncreds-rs,2025-01,0,0,0,0,0,0,2,0,0,0,0,2
hyperledger/anoncreds-rs,2025-02,1,0,0,0,0,0,0,0,0,0,0,1
hyperledger/anoncreds-rs,2025-03,0,0,2,4,0,0,0,0,0,0,0,6
openwallet-foundation/credo-ts-ext,2024-01,1,0,0,0,0,0,0,0,0,0,0,1
openwallet-foundation/credo-ts-ext,2024-02,1,0,0,0,0,0,0,0,0,0,0,1
openwallet-foundation/credo-ts-ext,2024-03,2,21,0,0,0,0,0,0,0,0,0,23
openwallet-foundation/credo-ts-ext,2024-06,1,0,0,0,0,0,0,0,0,0,0,1
openwallet-foundation/askar,2025-01,0,0,2,4,3,1,3,1,0,1,1,16
openwallet-foundation/askar,2025-03,0,0,0,0,0,0,1,0,0,0,0,1
openwallet-foundation/askar,2025-07,0,0,1,0,0,0,0,0,0,0,0,1
openwallet-foundation/askar,2025-09,0,0,1,0,0,0,0,0,0,0,0,1
openwallet-foundation/askar,2025-10,0,1,1,0,1,0,0,0,0,0,0,3
hyperledger/anoncreds-wrapper-javascript,2025-01,0,0,0,0,0,0,0,1,0,0,0,1
hyperledger/anoncreds-wrapper-javascript,2025-03,0,0,7,0,3,3,0,0,0,0,0,13
hyperledger/anoncreds-wrapper-javascript,2025-04,1,0,1,2,1,0,0,0,0,0,0,5
openwallet-foundation-labs/identity-common-ts,2026-02,1,1,0,0,0,0,0,0,0,0,0,2
openwallet-foundation-labs/identity-common-ts,2026-04,0,0,2,0,3,1,0,0,0,0,0,6
openwallet-foundation-labs/identity-common-ts,2026-05,1,0,0,0,3,1,0,0,0,0,0,5
openwallet-foundation/agent-framework-javascript,2024-01,3,2,3,4,1,0,0,0,0,0,0,13
openwallet-foundation/didcomm-mediator-credo,2025-05,3,3,1,0,1,0,0,1,0,0,0,9
openwallet-foundation/didcomm-mediator-credo,2025-10,3,1,0,0,0,0,0,0,0,0,0,4
openwallet-foundation/sd-jwt-js,2025-01,1,1,0,0,0,0,0,0,0,0,0,2
openwallet-foundation/sd-jwt-js,2025-03,1,0,0,0,0,0,0,0,0,0,0,1
openwallet-foundation/sd-jwt-js,2025-04,2,0,0,0,0,0,0,0,0,0,0,2
openwallet-foundation/sd-jwt-js,2025-06,1,1,0,0,0,0,0,0,0,0,0,2
openwallet-foundation/sd-jwt-js,2026-02,0,0,1,0,0,0,0,0,0,0,0,1
openwallet-foundation/sd-jwt-js,2026-04,0,0,0,1,0,0,0,0,0,0,0,1
openwallet-foundation-labs/dcql-ts,2025-05,3,1,0,1,0,0,0,0,0,0,0,5
openwallet-foundation-labs/dcql-ts,2025-06,0,0,0,0,0,0,0,1,0,0,0,1
openwallet-foundation-labs/dcql-ts,2025-11,0,2,0,0,0,0,0,0,0,0,0,2
openwallet-foundation-labs/mdoc-ts,2026-03,0,0,0,0,2,0,0,0,0,1,0,3
openwallet-foundation-labs/mdoc-ts,2026-05,0,0,0,0,3,0,0,0,0,0,0,3
hyperledger-indy/indy-vdr,2026-02,2,3,0,0,0,0,0,0,0,0,0,5
anoncreds/anoncreds-wrapper-javascript,2025-12,0,0,0,0,0,0,1,0,0,0,0,1
anoncreds/anoncreds-wrapper-javascript,2026-02,0,1,0,0,1,0,0,0,0,0,0,2
hyperledger/anoncreds-clsignatures-rs,2024-02,1,0,0,0,0,0,0,0,0,0,0,1
hyperledger/anoncreds-clsignatures-rs,2024-05,0,0,0,1,0,0,0,0,0,0,0,1
openwallet-foundation/agent-javascript-docs,2024-01,2,0,0,0,0,0,0,0,0,0,0,2
hyperledger/governance,2025-01,1,0,0,0,0,0,0,0,0,0,0,1
hyperledger/indy-sdk-react-native,2024-02,1,0,0,0,0,0,0,0,0,0,0,1
openwallet-foundation-labs/expo-mdoc-data-transfer,2026-02,0,0,1,0,0,0,0,0,0,0,0,1
openwallet-foundation-labs/identity-credential,2025-01,0,0,0,0,0,0,0,1,0,0,0,1
openwallet-foundation/multipaz,2026-02,0,0,0,0,0,0,1,0,0,0,0,1
